Aharon_Barak Barak_Aharon

Alex_Kapranos Kapranos_Alex
Alex_Kapranos Alexander_Kapranos

Alexander_McCall_Smith

Annie_Laurie_Gaylor

Basic_Element_(company)

Basic_Element_(music_group)

Bill_Coen

Boris_Berezovsky_(businessman) Boris_Abramowitsch_Beresowski
Boris_Berezovsky_(businessman) Boris_Berezovski

Boris_Berezovsky_(pianist) Boris_Berezovski

Charlie_Savage Savage_Charlie

Darren_Rowse Rowse_Darren

Douglas_Carswell

Frederick_M._Lawrence Lawrence_Frederick

Ikuhisa_Minowa Minowaman

James_McCartney McCartney_James

Jim_Steyer

Lisa_Bloom

Lovebug_Starski Love_Bug_Starski

Mario_Garnero

Masaru_Emoto Dr_Emoto

Nassim_Nicholas_Taleb Nassim_Taleb

Rodrigo_Pimentel

Roustam_Tariko

Ruth_Rendell Rendell_Ruth

Satoshi_Ishii Ishii_Satoshi

Vladimir_Potanin

William_Cohen William_S_Cohen

William_D._Cohan William_Cohan

William_H._Gates,_Sr William_Gates
William_H._Gates,_Sr William_H_Gates
